Date,MSFT_Log_Returns,^DJI_Log_Returns,^GSPC_Log_Returns
11/08/2025,-0.00051738,-0.004549479,-0.002507268
12/08/2025,0.014215179,0.010935296,0.011281559
13/08/2025,-0.016498427,0.010375023,0.003224873
14/08/2025,0.003642904,-0.000245071,0.000303045
15/08/2025,-0.004430891,0.000775882,-0.00290134
18/08/2025,-0.005919485,-0.000763445,-0.000100768
19/08/2025,-0.014276509,0.000232634,-0.005875329
20/08/2025,-0.007976562,0.000356977,-0.002434631
21/08/2025,-0.001288229,-0.003406203,-0.00401222
22/08/2025,0.005912222,0.018719063,0.015072285
25/08/2025,-0.005872512,-0.007683535,-0.004275513
26/08/2025,-0.004412201,0.002990096,0.004125474
27/08/2025,0.009318232,0.003234886,0.00238813
28/08/2025,0.005706533,0.00157163,0.003151747
29/08/2025,-0.005805263,-0.002018376,-0.00641874
02/09/2025,-0.003103353,-0.005483687,-0.00694635
03/09/2025,0.000455282,-0.000542761,0.005087112
04/09/2025,0.005171141,0.007702731,0.008311847
05/09/2025,-0.025864673,-0.004843439,-0.003170173
08/09/2025,0.006443859,0.002509792,0.002103764
09/09/2025,0.00042143,0.004305577,0.002684547
10/09/2025,0.003924788,-0.004833617,0.002979028
11/09/2025,0.001278326,0.013473684,0.008450088
12/09/2025,0.017588493,-0.005955524,-0.000482878
15/09/2025,0.010651039,0.001073522,0.004695578
16/09/2025,-0.01233906,-0.002740048,-0.00128876
17/09/2025,0.001923309,0.005675165,-0.000970639
18/09/2025,-0.003082999,0.002693156,0.004777688
19/09/2025,0.018473176,0.003738961,0.004873524
22/09/2025,-0.00674167,0.001429813,0.004400351
23/09/2025,-0.010198558,-0.001915479,-0.005517352
24/09/2025,0.001804909,-0.003711561,-0.002850677
25/09/2025,-0.006134642,-0.003778946,-0.005021649
26/09/2025,0.008699227,0.006507318,0.005884489
29/09/2025,0.006120401,0.001486144,0.002632077
30/09/2025,0.006488994,0.001765006,0.004082504
01/10/2025,0.003392208,0.000930879,0.003394154
02/10/2025,-0.007668186,0.001691405,0.000618164
03/10/2025,0.003116719,0.005115097,6.55E-05
06/10/2025,0.021455787,-0.001354956,0.003639959
07/10/2025,-0.008721815,-0.001971926,-0.003818688
08/10/2025,0.001658948,-2.57E-05,0.005810748
09/10/2025,-0.004678791,-0.005235787,-0.002759374
10/10/2025,-0.022142343,-0.019139069,-0.027485975
13/10/2025,0.006029174,0.0128455,0.015478263
14/10/2025,-0.000934099,0.004394357,-0.001565551
15/10/2025,-0.00027266,-0.000370766,0.004017919
16/10/2025,-0.003551118,-0.00653044,-0.00631428
17/10/2025,0.003843272,0.005173958,0.005256874
20/10/2025,0.006230654,0.011108497,0.010615724
21/10/2025,0.001682128,0.004659991,3.27E-05
22/10/2025,0.005548201,-0.007150276,-0.005351835
23/10/2025,3.83E-05,0.003090261,0.00581048
24/10/2025,0.005841893,0.010059762,0.007871362
27/10/2025,0.01499383,0.007123252,0.012215141
28/10/2025,0.019654273,0.003396951,0.002285331
29/10/2025,-0.000959739,-0.001560151,-4.36E-05
30/10/2025,-0.029590534,-0.002309494,-0.009954191
31/10/2025,-0.015236564,0.000857128,0.002614501
03/11/2025,-0.00150735,-0.004766974,0.001719234
04/11/2025,-0.005235828,-0.005325924,-0.01180625
05/11/2025,-0.014038609,0.004783287,0.003646898
06/11/2025,-0.020035353,-0.008462909,-0.011241135
07/11/2025,-0.000563407,0.001593211,0.001261046
10/11/2025,0.018308874,0.008087043,0.015283627
11/11/2025,0.005282432,0.011738898,0.0020732
12/11/2025,0.004824512,0.006796656,0.000629319
13/11/2025,-0.015477104,-0.016667078,-0.016695452
14/11/2025,0.013597021,-0.006548076,-0.000501851
17/11/2025,-0.005286527,-0.011889531,-0.009204498
18/11/2025,-0.027366658,-0.010757319,-0.00829071
19/11/2025,-0.013599885,0.001019863,0.003746808
20/11/2025,-0.016130735,-0.008412357,-0.015689726
21/11/2025,-0.013276695,0.010720992,0.009775103
24/11/2025,0.00397415,0.004376991,0.015348819
25/11/2025,0.006288144,0.014198071,0.009020886
26/11/2025,0.017683866,0.006656959,0.006882969
28/11/2025,0.013319758,0.006081373,0.005340487
01/12/2025,-0.010769021,-0.008990964,-0.005337549
02/12/2025,0.00667535,0.003907253,0.002454221
03/12/2025,-0.025359684,0.008566512,0.002975361
04/12/2025,0.006488876,-0.000667622,0.001079739
05/12/2025,0.004813242,0.002172035,0.001934769
08/12/2025,0.016137024,-0.004507443,-0.003483315
09/12/2025,0.002034461,-0.003757234,-0.000876743
10/12/2025,-0.027737719,0.010405263,0.006726881
11/12/2025,0.010207635,0.01335799,0.002077192
12/12/2025,-0.010270345,-0.005062912,-0.010720913
15/12/2025,-0.007783101,-0.000856616,-0.001597839
16/12/2025,0.003301083,-0.00626324,-0.002386764
17/12/2025,-0.000566979,-0.004756101,-0.011659857
18/12/2025,0.016373686,0.001374881,0.007902952
19/12/2025,0.004000413,0.003809876,0.008779407
22/12/2025,-0.002060027,0.004721144,0.006415871
23/12/2025,0.003972085,0.001647237,0.004540067
24/12/2025,0.002400284,0.005942991,0.003216304
26/12/2025,-0.000635419,-0.000414429,-0.00030441
29/12/2025,-0.001251472,-0.005125701,-0.003498163
30/12/2025,0.000779783,-0.00195956,-0.001376614
31/12/2025,-0.007949745,-0.00630031,-0.007384867
02/01/2026,-0.022330965,0.006617253,0.001892914
05/01/2026,-0.000190249,0.012218552,0.006334025
06/01/2026,0.011898856,0.009851809,0.006177592
07/01/2026,0.010312111,-0.009466021,-0.003445854
08/01/2026,-0.011148448,0.005496151,7.65E-05
09/01/2026,0.002444173,0.004818487,0.006454611
12/01/2026,-0.004391218,0.001738323,0.00157639
13/01/2026,-0.013736507,-0.008062447,-0.001941006
14/01/2026,-0.024279488,-0.000861474,-0.005347634
15/01/2026,-0.005938636,0.005939897,0.002576604
16/01/2026,0.006982917,-0.001682425,-0.000642509
20/01/2026,-0.011680089,-0.017798258,-0.020842461
21/01/2026,-0.023169669,0.01206668,0.011521118
22/01/2026,0.015705451,0.006231533,0.005472501
23/01/2026,0.032300585,-0.005793942,0.000326816
26/01/2026,0.00924997,0.006368593,0.004993594
27/01/2026,0.021665379,-0.008311483,0.004073588
28/01/2026,0.002182549,0.000248756,-8.17E-05
29/01/2026,-0.105284413,0.001140966,-0.001293467
30/01/2026,-0.007432329,-0.003656241,-0.004311179
02/02/2026,-0.016212953,0.010482105,0.005376785
03/02/2026,-0.02914252,-0.003379104,-0.008439496
04/02/2026,0.007220794,0.005272576,-0.0050853
05/02/2026,-0.050811792,-0.01204327,-0.012326678
06/02/2026,0.018797519,0.024378093,0.019504344
09/02/2026,0.03058882,0.000402971,0.004680118
10/02/2026,-0.000798228,0.001042014,-0.003309182
11/02/2026,-0.021770815,-0.001330725,-4.90E-05
12/02/2026,-0.00627634,-0.013445924,-0.015784941
13/02/2026,-0.001294823,0.000989344,0.000498965
17/02/2026,-0.011175591,0.000651527,0.001030791
18/02/2026,0.00688053,0.002610368,0.005550637
19/02/2026,-0.000577106,-0.005400899,-0.002826115
20/02/2026,-0.003091618,0.004661813,0.006915756
23/02/2026,-0.032649771,-0.016700783,-0.010439959
24/02/2026,0.011713642,0.007561719,0.007622489
25/02/2026,0.029384055,0.00623677,0.008103434
26/02/2026,0.002791917,0.000344525,-0.005380027
27/02/2026,-0.022607537,-0.010586869,-0.004348795
02/03/2026,0.014685098,-0.001494455,0.000398275
03/03/2026,0.013408648,-0.008285194,-0.009488909
04/03/2026,0.003139221,0.004897973,0.007726126
05/03/2026,0.013433509,-0.016230333,-0.005662708
06/03/2026,-0.004196959,-0.009495255,-0.01336572
09/03/2026,0.001099767,0.005024036,0.008269872
10/03/2026,-0.008955193,-0.000718492,-0.002137403
11/03/2026,-0.002171161,-0.006081404,-0.000837952
12/03/2026,-0.007486997,-0.015716717,-0.015344808
13/03/2026,-0.015826552,-0.002560866,-0.006077546
16/03/2026,0.011062369,0.008297827,0.01007991
17/03/2026,-0.001351121,0.000997482,0.002491149
18/03/2026,-0.019262436,-0.016480235,-0.013700999
19/03/2026,-0.007095289,-0.004416838,-0.002752583
20/03/2026,-0.018550453,-0.009693663,-0.015253934
23/03/2026,0.002954767,0.0137496,0.011388109
24/03/2026,-0.027153938,-0.001828395,-0.003749595
25/03/2026,-0.004571153,0.006600088,0.005404494
26/03/2026,-0.013758534,-0.010160948,-0.017559441
27/03/2026,-0.025460125,-0.017415058,-0.016863232
30/03/2026,0.00611966,0.001095341,-0.003953554
31/03/2026,0.030751448,0.024584024,0.028714893
01/04/2026,-0.002163529,0.0048269,0.007142945
02/04/2026,0.011012013,-0.001312263,0.001120248
06/04/2026,-0.001554222,0.003546187,0.004417013
07/04/2026,-0.001583504,-0.001831936,0.00075896
08/04/2026,0.00546462,0.028055591,0.024772038
09/04/2026,-0.003371655,0.005741768,0.006151067
10/04/2026,-0.005914489,-0.005603008,-0.00113917
13/04/2026,0.035754037,0.0062762,0.010121875
14/04/2026,0.022483811,0.006567969,0.011713989
15/04/2026,0.045038883,-0.001490098,0.007944145
16/04/2026,0.021745251,0.002370098,0.002606556
17/04/2026,0.006002044,0.01772453,0.011968554
20/04/2026,-0.011226741,-9.85E-05,-0.002377196
21/04/2026,0.014461871,-0.005947353,-0.006368454
22/04/2026,0.020442188,0.006907051,0.010405756
23/04/2026,-0.040468864,-0.003637864,-0.004141432
24/04/2026,0.021110534,-0.001615761,0.007942068
27/04/2026,0.000470939,-0.00127892,0.001231618
28/04/2026,0.010373913,-0.00052608,-0.004906188
29/04/2026,-0.011221763,-0.005716555,-0.000399252
30/04/2026,-0.040089887,0.016045423,0.010186184
01/05/2026,0.016200381,-0.003083591,0.00292405
04/05/2026,-0.001980556,-0.011324064,-0.004070462
05/05/2026,-0.005430265,0.007254735,0.008087227
06/05/2026,0.006251935,0.012344618,0.014482944
07/05/2026,0.01631703,-0.006303484,-0.003810345
08/05/2026,-0.013518726,0.000245779,0.008390405
11/05/2026,-0.005943621,0.001919346,0.001878192
12/05/2026,-0.011920778,0.001127831,-0.001603894
13/05/2026,-0.00629778,-0.001354587,0.005832206
14/05/2026,0.010360489,0.007423332,0.007626449
15/05/2026,0.030049789,-0.010790165,-0.012440382
18/05/2026,0.003832279,0.003224386,-0.000735939
19/05/2026,-0.014555069,-0.00650668,-0.006700721
20/05/2026,0.008682378,0.012991059,0.010734208
21/05/2026,-0.002526091,0.005509931,0.001713861
22/05/2026,-0.001241528,0.005830344,0.003720045
26/05/2026,-0.006086787,-0.002336064,0.006089681
27/05/2026,-0.008109095,0.003612087,0.000164866
28/05/2026,0.034112296,0.00048735,0.005737227
29/05/2026,0.053020181,0.007148252,0.002169905
01/06/2026,0.02257551,0.000909164,0.002621856
02/06/2026,-0.042608691,0.004471491,0.001291255
03/06/2026,-0.03216763,-0.01217172,-0.007399349
04/06/2026,0.001660042,0.017112749,0.004046762
05/06/2026,-0.026945409,-0.013573521,-0.02680133
08/06/2026,-0.011902515,-0.001589126,0.002973705
09/06/2026,-0.020438635,0.001693867,-0.002579719
10/06/2026,-0.01511079,-0.018917514,-0.016332096
11/06/2026,-0.017824489,0.01845823,0.017367199
12/06/2026,0.001024207,0.006928165,0.005012928
15/06/2026,0.022822039,0.009113595,0.016393284
16/06/2026,-0.014945081,0.006340108,-0.005700396
17/06/2026,-0.03862059,-0.009800256,-0.012222676
18/06/2026,0.001292322,0.001400163,0.010787814
22/06/2026,-0.032303202,0.002866296,-0.003711933
23/06/2026,0.017807524,-0.000887431,-0.014466928
24/06/2026,-0.022938553,0.003517509,-0.000983415
25/06/2026,-0.035170494,0.001382346,-9.92E-05
26/06/2026,0.055511674,-0.000857671,-0.000471769
29/06/2026,-0.011867318,0.005893392,0.011681561
30/06/2026,0.012001335,0.002611646,0.007888999
01/07/2026,0.029739442,-0.000266877,-0.002153151
02/07/2026,0.016030885,0.011308144,1.37E-06
06/07/2026,-0.009649728,0.002941598,0.007215414
07/07/2026,0.005415331,-0.002467644,-0.004465063
08/07/2026,-0.014245624,-0.010957427,-0.002821215
09/07/2026,0.002657261,0.00265214,0.008109822
10/07/2026,0.001923481,0.002846183,0.004200011
13/07/2026,0.015178903,-0.002632241,-0.007958609
14/07/2026,-0.015620479,0.000183396,0.003751931
15/07/2026,0.027417963,0.002859667,0.00381187
16/07/2026,0.013731345,-0.00200875,-0.005114462
17/07/2026,-0.018316817,-0.007766023,-0.010149876
20/07/2026,0.021279272,-0.005907757,-0.001934124
21/07/2026,-0.011349576,0.007406616,0.008817378
22/07/2026,-0.018805522,-0.000116092,-0.001364622
23/07/2026,-0.022697653,-0.00975527,-0.012163372
24/07/2026,0.0003145,0.004545716,0.000496641
27/07/2026,0.019201404,0.005046763,0.000161913
28/07/2026,0.010863421,0.010237428,0.002102096
29/07/2026,-0.007169398,-0.022104859,-0.015277397
30/07/2026,0.144158639,0.01182875,0.016468014
31/07/2026,0.029746018,0.005291148,0.006979208
03/08/2026,0.048162847,0.01312448,0.014682592
04/08/2026,0.010525776,0.016920644,0.017737942
05/08/2026,-0.010915481,0.004855309,-0.001677899
06/08/2026,0.025119812,-0.008574411,-0.001761083
07/08/2026,0.000260049,0.002813665,0.006165187
